Robot_0_x,Robot_1_x,Robot_2_x,Robot_3_x,Robot_0_y,Robot_1_y,Robot_2_y,Robot_3_y
-3.398198248951788,-0.002020909856596235,3.3995718901955354,-0.002884226448640945,-0.00942563359576724,3.3989729846568615,-0.014315005411567508,-3.3983760326063033
-3.398136174581111,-0.0020262729270064555,3.399519658127349,-0.002883129177779689,-0.009404779115014163,3.398933163990511,-0.014321526193296566,-3.3983171622583948
-3.3980741185907863,-0.0020298828472324424,3.399468720217092,-0.0028820424655040923,-0.009383971143272432,3.3988955687422355,-0.014327502099761805,-3.398258293061414
-3.397996574297357,-0.0020357033520291136,3.3994055566996684,-0.0028806988843558664,-0.009358026396618811,3.3988453476747016,-0.014336159181808828,-3.3981847081712098
-3.3979345592965644,-0.0012129084867573527,3.395227707844443,-0.002967946734133009,-0.009337322625889325,3.397688579395974,-0.01448669551541889,-3.3901764963983503
-3.3856171288903063,0.0006808592822215797,3.378753826808945,-0.0024697955292282917,-0.00672302253821872,3.382835745429423,-0.009330516269921204,-3.37442130897471
-3.3697856922601335,0.001172221480210459,3.3625825313051285,-0.0017454114232967664,-0.003124784812832666,3.3672462609911142,-0.0046936254614713116,-3.3584274705240267
-3.3537596026844128,0.0009272977517800879,3.3464601056706114,-0.001449525148267962,-0.000245230187228369,3.351144388998371,-0.002968968768938193,-3.3422323381564842
-3.3335122561435995,0.0005974702641594778,3.3263509603681327,-0.001337798728289815,0.001198173431637501,3.330921715684727,-0.002644358743714699,-3.322130139896893
-3.3133984494721553,0.00044860488138821796,3.3062914529344543,-0.0013148748171139238,0.0011648246374148345,3.3108083681710165,-0.0027711067791853766,-3.3019759634279393
-3.2972107512195423,0.0003851877932693385,3.2901609506750304,-0.0011901878424054166,0.0005659238633670516,3.294586279693515,-0.0030441581958493814,-3.2857811183955032
-3.2811977897617512,0.00020528434030382944,3.2743744406055555,-0.001125475589348096,-0.0005547985323088923,3.2786015810528712,-0.003415166455565401,-3.2700693613539014
-3.265458009447388,0.0002633962208593087,3.258557484922251,-0.0012806273846385908,-0.0009588930757532172,3.2629186215270547,-0.0031417284226058495,-3.254107257114038
-3.245358668641301,0.0007160593927909359,3.2384784624165306,-0.0017819244963215377,-0.0005004064131993233,3.242749860288594,-0.0034322627751746473,-3.2339988112987
-3.2255529784818213,0.0010135956362250888,3.218643578965375,-0.0016656642466232855,-0.0002392242829017315,3.2230400082881054,-0.003601221957518596,-3.2143251610461316
-3.205690011224144,0.0006692872341964394,3.1985820160956435,-0.0013940004140349613,-1.6915551502044712e-05,3.203116494702791,-0.003077040849257807,-3.1941189996960255
-3.1894370706674926,0.000492549013449768,3.182448741963082,-0.0014382628362075527,-4.1094613694793534e-05,3.18686983490952,-0.0032336256569931326,-3.1779894637219694
-3.173251207747467,0.0005081479705578351,3.1663499978816834,-0.0013986980487943712,-9.738493894841918e-05,3.1706919213958664,-0.003371594838499754,-3.161926637915218
-3.152999723285187,0.0006340811693571424,3.146051250147086,-0.0009258165672383377,-4.088797246851243e-05,3.1504276103917936,-0.0033091517266088904,-3.1416325502148776
-3.1367891094999307,0.0005753342309649727,3.129997850476105,-0.0003201957147352775,-0.00016378489090288905,3.1342061686289258,-0.003518803961105003,-3.1257944387675516
-3.1209863365228525,0.0004475869962590539,3.1142910988662083,0.0020129730963630147,-0.00040050863792952994,3.1185664067787418,-0.003394371162971898,-3.1100649349439866
-3.1050818913945166,0.0006837593198536136,3.0982637578940992,0.0063892920493886255,7.504071960728664e-05,3.1026043711095808,-0.0032683672681153558,-3.0941103477052576
-3.084961251202841,0.0011436267866048021,3.0783136462582803,0.013047630010007569,0.0005956571302490634,3.0825026520021526,-0.003894085096932418,-3.074598902832836
-3.069320807161785,0.0011071195252918946,3.0624084860473797,0.020931629341051756,0.0006728519042703923,3.066905809178298,-0.003588655953373012,-3.059272979254144
-3.0533457385769145,0.0008168596631600446,3.046371645656117,0.03083993776810869,0.0007082809816045919,3.0507833139212885,-0.0031939118681276603,-3.044748210047973
-3.0331290194497478,0.0007427856535426739,3.02615669461238,0.04430687587692712,0.0005463602762134707,3.030562666072007,-0.0032688517930546824,-3.0280483451517304
-3.0130201382650648,0.0008540973635875259,3.0060484774215994,0.059104388632657864,0.00046172059395009965,3.010491725349513,-0.003329456137556645,-3.012873122995215
-2.9968305829165707,0.0009114795907114984,2.989843133734689,0.07270926910231598,0.0005641381870842953,2.994259670225239,-0.003370268706231871,-3.0017415554405527
-2.980799228063463,0.0007283062862756457,2.9739454939252865,0.08724805464053055,0.0002575974615867423,2.9782506767376167,-0.0037033713708524998,-2.9911953816419086
-2.9650659782564928,0.0007474672244562088,2.9581608732100486,0.10184817326628719,0.00015491229880425575,2.962586678044444,-0.0033972319149968466,-2.981784719109767
-2.944992034113975,0.0011621968379399565,2.938068315773596,0.11996169560970182,0.0007936493069700078,2.9424391113049873,-0.003583597233445518,-2.9700852325194718
-2.9290370239209325,0.001500129444684053,2.922154183684043,0.133516066106037,0.0010815243148919566,2.926545220115363,-0.0039124483424873525,-2.959473711393252
-2.9134098385704355,0.001427678597712779,2.9062562607778353,0.14653522824003368,0.0011579751388375937,2.9108635241584127,-0.0032489521781466895,-2.9484379187691947
-2.897229250655293,0.001164371636612753,2.890109342644637,0.15987127910652343,0.0010705430863087615,2.894662874924199,-0.0031124740300023947,-2.93821619024987
-2.8769575512395913,0.0010017247919836096,2.869941163813579,0.17706224163574588,0.0008845409791084111,2.8744535070958026,-0.0033526384635774167,-2.92740403861236
-2.856727552047408,0.0010520920060294921,2.8497959653067992,0.19384533270869508,0.0008528934897673225,2.854360867083384,-0.0034504424352529758,-2.915365073086913
-2.836445289391342,0.0010460410295745123,2.8296989061561004,0.21079671563236532,0.000834161826187482,2.834098943125787,-0.0037414846778372913,-2.902751857604704
-2.8205862175622154,0.0009795383446853376,2.8140033810962404,0.2229666825249183,0.0005583748646682935,2.8184685333476454,-0.0037075452200221017,-2.8916052126386775
-2.804717287731546,0.0012321150331525135,2.798003913872991,0.23392658251141618,0.0010070664043081953,2.802544649871001,-0.0034795828819122335,-2.8801513966050907
-2.7845775919456415,0.0017195483329879892,2.7779969359408194,0.24745476655213194,0.0016051675974558337,2.7824170241610595,-0.004120107390834765,-2.864539250522884
-2.7650207750464446,0.0017718484313004987,2.7580837886940563,0.25991423091612925,0.0018527479246158024,2.7628024534982574,-0.0036803476656143523,-2.8469025317161027
-2.7489748115253687,0.00146978400703174,2.741986971019562,0.27001699962181025,0.001999846204294746,2.7466760918534026,-0.003411267696294026,-2.833466368228425
-2.7327872016382124,0.0013234423234419058,2.7258316754304244,0.2805732919390551,0.002666805657260573,2.7304491957876085,-0.0035228913901221236,-2.8213629362246646
-2.7167552539594624,0.0009609059570843695,2.7096717826879244,0.29005161658324274,0.004828143041040237,2.714293747185852,-0.003607672844537513,-2.808361523262947
-2.69690209977892,-0.0019051595793350537,2.6893909701364906,0.30288787708074283,0.010501467868573916,2.69416339471692,-0.003626621164880178,-2.792046846831819
-2.677717461436722,-0.010058103540876285,2.6695697365835738,0.3152853390540677,0.018050648304195553,2.674539803789063,-0.003942459825336193,-2.775154101153153
-2.6585955845083804,-0.021181326923623196,2.6497101547238384,0.3253104797244901,0.02565453710267902,2.6561299237329883,-0.003566374542476207,-2.7574232004673513
-2.643353476426018,-0.03068792402684534,2.6336795410371425,0.33269042135246135,0.03119497933282496,2.641862208369103,-0.0039828449746678605,-2.74225872130021
-2.6281215386085326,-0.0413488842992976,2.6176998693084634,0.3401896547647721,0.03632720609416367,2.6285542050117177,-0.004099170639665516,-2.7271436066425006
-2.6128830558649843,-0.053551520158028665,2.601760246269307,0.34862986414702507,0.041709447482667764,2.6163052526891493,-0.0034458665883240615,-2.713077928191474
-2.593336197162353,-0.07022541336605184,2.5815523829230034,0.35977548717280616,0.046981968230371124,2.601951380667156,-0.0034417779368594984,-2.6965395738404245
-2.5775199880379116,-0.08392287586410802,2.5653979117517136,0.36914903203473054,0.05005731038787457,2.5915518074040738,-0.00362216389462471,-2.6833352581255743
-2.5616736342154685,-0.09875227662818875,2.5492157087515626,0.3791482819580836,0.05282267978311211,2.58196268836696,-0.0036088119001177203,-2.670718726788881
-2.54195812772519,-0.11891435533510133,2.529078448210197,0.39378724120891795,0.0556366404030305,2.5720011908736966,-0.00387337177184624,-2.65577977150678
-2.522028318920346,-0.141132327524842,2.5093811921622335,0.40761920265335916,0.05752997639123378,2.564110128802527,-0.003811224876546637,-2.640391835958828
-2.506159409934735,-0.15708868415959887,2.4933397624482745,0.4170896342106283,0.0593490414749026,2.557804578568229,-0.003690336770920282,-2.627525216555391
-2.4903959220487577,-0.1713477644060808,2.4773412243661967,0.42658578725535323,0.061299052274176424,2.550107535428292,-0.00423423158798891,-2.6136556377569833
-2.4746021388917385,-0.18428036570442893,2.461417653335543,0.43636649763804797,0.06330659994915101,2.539984594813562,-0.004094141911893341,-2.600099353908357
-2.454652566987433,-0.1993798535969324,2.4413457783457773,0.4502209121845401,0.06595237712374089,2.526729263925483,-0.0035607067232672866,-2.5850351660350457
-2.4384499527916366,-0.21229788145378295,2.4251614998018196,0.4615061839583747,0.06701299118440954,2.517292613124046,-0.0036206934179651875,-2.573515722478362
-2.4222601261515058,-0.2257493686530586,2.4090080786938066,0.4706863284701757,0.06731577707300014,2.5087263174746037,-0.0037009326315053112,-2.560405348518912
-2.4059789081850367,-0.23906155948509933,2.392785910192752,0.48000139850699475,0.06736237300417615,2.4994980738730925,-0.0036675448358536923,-2.546863773073323
-2.389867071663002,-0.25299666113399333,2.3767304800436446,0.48946418688029597,0.06712764207107105,2.4903709428728646,-0.003988219979016006,-2.533304340428159
-2.36983021182817,-0.26924743575904997,2.3570503325524825,0.49900453287245705,0.066502661592797,2.4777893440430225,-0.0038610904791171463,-2.515064699312801
-2.3538583571536686,-0.2808818350338619,2.341003504333483,0.5050046280901492,0.06732731208915077,2.4664978644958713,-0.0038471973654393794,-2.499766634422439
-2.337835616687098,-0.2923089511267152,2.3250518304724244,0.5105865801484633,0.06817289386819526,2.455002604728251,-0.004410907163199798,-2.483680802424706
-2.3222096503345306,-0.30302666349261415,2.309157058459842,0.5162748584894643,0.06804341545425041,2.4417892538027255,-0.004094432473833221,-2.4680427367479703
-2.302190496607035,-0.31574994082948465,2.289091959980106,0.5228119986760749,0.06711831057656373,2.424337412439276,-0.0035789647145380347,-2.4487146763930356
-2.2859357798912767,-0.3263720001268451,2.2729579246967737,0.5268409642086915,0.06629033914022656,2.411681461805789,-0.0037628413416913834,-2.4325310190340237
-2.2697704955920566,-0.33724083800281424,2.256890786723885,0.529416029946755,0.0656045936688034,2.4000233681421053,-0.0038976451703596317,-2.4161561568654735
-2.2495215884055506,-0.3506034507205095,2.236642930323126,0.5316923167793988,0.06511922752805374,2.3847086179208765,-0.003896146782989875,-2.395805408284189
-2.23342557715561,-0.36177509816883785,2.2206901365941536,0.5335847960466397,0.06452293118960091,2.372204394918416,-0.004276287161992981,-2.3793263154847253
-2.2177199262405463,-0.37209601586012747,2.204901003690313,0.534067778934065,0.06404728094794357,2.3589589893867644,-0.004016900412964046,-2.362733546025662
-2.201736503468977,-0.38060622394932353,2.1888543039322577,0.5329044682863,0.06422351525351624,2.3449214095037143,-0.0040094951449919595,-2.3459606560491006
-2.1816569878988394,-0.38982433113148673,2.1689095737180017,0.532320973857774,0.06421623440881125,2.3257300807265757,-0.004558198043967331,-2.325445671511827
-2.166059331939286,-0.3966272917931843,2.1530145074482387,0.5309846183650409,0.06395344182054229,2.309631716277275,-0.0038854956708500115,-2.3088839168594073
-2.149941474777691,-0.4046982161397102,2.1369180889669765,0.5303562361185621,0.06365341556456791,2.2954143084058516,-0.0036181938125301135,-2.292523616174262
-2.129758749734224,-0.41543388960463434,2.1167794057676192,0.529804718376011,0.0638877795338183,2.2785047853420006,-0.0038929079699880245,-2.272215184579879
-2.1136882148103178,-0.4237564866389242,2.100642874771859,0.5286010672278809,0.06407557377455257,2.2646344522649646,-0.003970850821524974,-2.2558665826315605
-2.097506568002514,-0.4314830978807692,2.0844011810186402,0.5263126637976036,0.06400596264990917,2.2506564647064584,-0.003987492543967916,-2.2397005572342943
-2.0814288170099764,-0.43903043042681356,2.0685530058155517,0.5242950234577433,0.06337080654630821,2.236372799918368,-0.004358217272644151,-2.224013882196114
-2.065757104092384,-0.4456768627918272,2.052769656816112,0.5222244427223768,0.06281049283214225,2.221627103938116,-0.0039979677786169095,-2.207949083851154
-2.0497416129057466,-0.45176859577263795,2.0367088204849884,0.5198934000241194,0.06274888195069314,2.206806225763535,-0.00401527881896011,-2.1919848821005856
-2.029699670813393,-0.4590832559911079,2.01675805975372,0.5174622772747711,0.06236912795974331,2.187318010338847,-0.004516642239598266,-2.172372012807121
-2.010061888456878,-0.46667546488590894,1.9967991405021537,0.5148301039408202,0.06174678138342837,2.1681905265015184,-0.0038439592699490172,-2.152230577501274
-1.989775171601376,-0.4745982063644161,1.9766056206412994,0.5120076300626508,0.06075813481356149,2.1497534209375257,-0.0038441007355715447,-2.1322543220093912
-1.9736047567703303,-0.48103116581999805,1.9604326238833554,0.5098774016536386,0.05950402013215125,2.1348671189422657,-0.00398844909801151,-2.116306815248063
-1.957496863762327,-0.4872398214885917,1.9442045137245445,0.5080852291358201,0.058823455752803205,2.120053456499016,-0.003969556714688489,-2.1002425875774278
-1.9412959794307174,-0.49274463896887977,1.928005778865944,0.5069130809029015,0.05863431506026403,2.1051049207035137,-0.004118692594289209,-2.0843494436247467
-1.9254294401215828,-0.4975497640143258,1.912186919754106,0.5053698200496088,0.05761520189123645,2.089752874411543,-0.0043818765598567155,-2.0685576854247083
-1.909785820399,-0.5027701456684859,1.896288895775417,0.5035457503941456,0.055465561910006816,2.0746286818412556,-0.003991349947027391,-2.0524899017284417
-1.893777722261867,-0.5071169054658546,1.8802610492170695,0.5019362891199284,0.05242114526491913,2.0590943865552767,-0.004338000903134187,-2.0366945748418424
-1.877922734424769,-0.5112699021721255,1.8642748655920809,0.5009080020995631,0.04956290823665604,2.043123281087939,-0.004632390932641387,-2.020741655362288
-1.8621832951504202,-0.5152861515792995,1.8483360232427342,0.499571209895152,0.04760719459734896,2.0273740605685435,-0.0039458038770080256,-2.0046145748846973
-1.84200926114928,-0.519509686850884,1.8281103079469938,0.4974543880774977,0.04528930533746184,2.0075708606176295,-0.0038153632161729576,-1.984618462590477
-1.8259971699845412,-0.5220669818424013,1.8120188646507298,0.4958185995229159,0.04370437443138968,1.9915475973320964,-0.004014101234081169,-1.9686559409532158
-1.810076986124579,-0.5246465746997854,1.7958461799226202,0.494339572667152,0.04200589324982827,1.975540056271719,-0.00408715978945828,-1.95256358510879
-1.789998998744896,-0.528473250558249,1.7756268062829375,0.49309384681103013,0.03886078954621125,1.9559951774857518,-0.004300296336189653,-1.9326469824621921
-1.7701448654270722,-0.5302978197614597,1.755921056211599,0.4914437925671201,0.03627801086215958,1.935977552904808,-0.004342549665910781,-1.9129326227206895
-1.7543445474178763,-0.5307527583430409,1.7399319217485802,0.4902094329640977,0.03454725269585883,1.9198076471977037,-0.004185578561698867,-1.8971754755518468
-1.7382955686947328,-0.5297308062949395,1.723927378528013,0.48872857092449196,0.03297063154798941,1.9033476918254948,-0.00471136189034405,-1.8815706484996597
-1.7225992328128588,-0.5303312734458974,1.7080516237447676,0.4873302042501252,0.03141815951732457,1.8872137429054474,-0.0046320422196656046,-1.8655742199975371
-1.702616642230308,-0.5317805817965336,1.6880350283425944,0.4852453078255541,0.029453892877835966,1.8669328950113973,-0.003918538180845894,-1.8454662031826676
-1.6824656022293603,-0.5320178369796293,1.667842668223022,0.483057416427761,0.027540806898897745,1.846549202047387,-0.004006191268050054,-1.825546387743908
-1.666536003679802,-0.5323283972454161,1.6517345999938335,0.48144903301445685,0.02613636762873326,1.8303592029528402,-0.004117236927650054,-1.8095039736706438
-1.6505031929865122,-0.5325505292466529,1.63552354858124,0.4800872594420937,0.024835888903359138,1.814103090012675,-0.004109202057187432,-1.7934177298624376
-1.634299846072928,-0.5317437527711278,1.6195522788086454,0.4787980143059609,0.023844538529081888,1.7979312306067396,-0.004532690666687122,-1.7776619109628633
-1.6184251286416307,-0.530305794367172,1.6037902400722084,0.47684885419294676,0.023228799239443203,1.7820970237825924,-0.004404853171846795,-1.762046052721738
-1.6025569594038303,-0.5287460280355781,1.5877656247137968,0.4746310760212085,0.022846098142085797,1.7659933629606812,-0.00422929216357557,-1.7463745284886676
-1.58650094944129,-0.5279147993023167,1.5717879034302515,0.4717643376859098,0.02219388242293397,1.7499494671909837,-0.004772742862803551,-1.730887647532546
-1.5669026379652249,-0.527936744682568,1.5518538487511655,0.4683842609376051,0.02141212168999972,1.7302851609298697,-0.004368305885379105,-1.7110618464208438
-1.5467605871740082,-0.5264645143689918,1.5317342505765286,0.4660213426989583,0.020902734110634518,1.7100746993507465,-0.004101799839131684,-1.6910188821878909
-1.5306053757344078,-0.5231269978498123,1.5156066429007982,0.4649223203230401,0.020938008730228552,1.6941031618927367,-0.0042433554255215025,-1.6749921348836403
-1.5145051450662246,-0.5186760607418905,1.49949967803485,0.46341872009152724,0.021962755065968006,1.6782672375026257,-0.004281721820584763,-1.6589526491968396
-1.4943096666204794,-0.514872927402018,1.4792545716850498,0.4618315341979555,0.024388875906132913,1.6582838925961634,-0.004332719352033759,-1.6389377688092968
-1.4783056967812096,-0.5133724916553107,1.4634326320141426,0.4601619303486781,0.02652215632355976,1.6423485685043833,-0.00474451002546741,-1.6232586884101834
-1.4626032058776985,-0.5117750847461557,1.4476089340894667,0.45848621243796456,0.02859868835745014,1.62655677584876,-0.004374414868726067,-1.607538165215118
-1.4427715597923514,-0.5091999950514001,1.4275598348219256,0.45712804786336514,0.03288731467688097,1.6065098066105188,-0.004583796093900322,-1.5879357458292436
-1.42324137748187,-0.5070756215187499,1.4075997135976897,0.45598805486397875,0.037719453446381744,1.5868253724467654,-0.0047691235952018254,-1.568005343182866
-1.4075882334171723,-0.5057319462868755,1.391608150249807,0.454109957318198,0.0419401498975679,1.5707054674534022,-0.004140727578582395,-1.5519218338524627
-1.3916606635134827,-0.5040953951103342,1.3754749739237018,0.45193092720561845,0.045804112565806854,1.5546097223430535,-0.004156766966221055,-1.535979445459845
-1.3718217728653577,-0.5018490531862428,1.3553869921150967,0.44983607917009805,0.049829921847331045,1.534682086906296,-0.004303311949128564,-1.516027805584621
-1.3558433975389503,-0.5000284984549517,1.3392143489228565,0.4486134015148107,0.05176115893359557,1.5186805142145132,-0.004269220473000446,-1.4999163747596138
-1.3396880848564416,-0.49864531484260655,1.3230811717182382,0.44770083347994205,0.05128255266555418,1.5026450071160569,-0.0044878551511117115,-1.4840765591989875
-1.3236592184149318,-0.4978081578280157,1.307305616216982,0.44630477370658383,0.05053723668629274,1.4867469152320574,-0.004673230115412505,-1.4684783005779796
-1.3077288390000836,-0.4965297264572511,1.291383187966067,0.4450729575091303,0.049769641294085135,1.4710871335524367,-0.004305248770101103,-1.4526894452644679
-1.2919569609569241,-0.4951031697751195,1.2753705045184507,0.4438620265450889,0.050394482349718446,1.4553281495599668,-0.0047366585669387,-1.4370787274436405
-1.2722993392055744,-0.492982448836591,1.2554030236602043,0.4414441346912866,0.05130282422704063,1.435779766087634,-0.004747559512664511,-1.417144283226893
-1.2564750668480886,-0.4913346204638423,1.239414476272846,0.43961947046328037,0.0530707309263408,1.4197680206709065,-0.004161154046696791,-1.4010618026208523
-1.2401404541294687,-0.4894855385511895,1.2232764263411713,0.43814488071948815,0.05270922046487578,1.4037004019364123,-0.004275383453159461,-1.3850508090434879
-1.2198578782629217,-0.48706723382454825,1.2031217203301678,0.43648913188053207,0.0514634418983094,1.3837915132091465,-0.004516774863165219,-1.365015187322185
-1.2036724371936103,-0.48515194437906783,1.1869143222338814,0.4352923971856544,0.050899281728218455,1.3677988835066304,-0.00446055011309605,-1.3489005149050617
-1.187473401026666,-0.48382715218921535,1.170762224174202,0.4341894387760317,0.05029830170434752,1.3517526760300886,-0.00459975839904817,-1.3329642969691515
-1.167653485740491,-0.48244203764038096,1.1510469419435727,0.4318488278255642,0.05009252347813992,1.3319967882655563,-0.004500403374196021,-1.3134785582471882
-1.1517612954132652,-0.48067844890778133,1.1350447090700073,0.4302024469987608,0.049860771099176276,1.3160053068273723,-0.0043212015650332435,-1.2977465690748269
-1.1355998348352347,-0.4786691645751574,1.1190844438321024,0.42889262217550855,0.04944087602794657,1.300043657811429,-0.004896299731882733,-1.2821424193860393
-1.1159626405870742,-0.4769602939592755,1.0991120629044897,0.4277085542702611,0.05095917970411533,1.2802511561710244,-0.004442084050927078,-1.2620945778680541
-1.0999891934549855,-0.47564034604543304,1.0830338103422852,0.4271083293052241,0.05091561077990755,1.2641036062361775,-0.004144551850200949,-1.2459096936547829
-1.0837641900693091,-0.4739699227790698,1.0668542303997257,0.4275305287965328,0.050583762386703646,1.2480720714924105,-0.004345180967938722,-1.22976505131466
-1.0677053467689541,-0.47210787430034484,1.0506652761114506,0.42918290269819825,0.049895766620603695,1.232143229101042,-0.0044682747341321764,-1.2134854290022197
-1.0515398675493168,-0.4702097047068248,1.0344244816296495,0.4320583223605711,0.04936226423018039,1.2161378643373788,-0.004389865868519048,-1.1971658695534881
-1.0352889494542767,-0.46867115270114523,1.0183489604756013,0.43576435636550537,0.049101440254875686,1.2000702095752556,-0.004734323178892285,-1.1814264615846704
-1.0194161077902026,-0.4677500176153543,1.0026005637847248,0.4408218990854996,0.04861262329398821,1.1842620111526578,-0.0047093970297510356,-1.1657855613973727
-0.9996008682632936,-0.4662944782952617,0.9826300631854197,0.4467568987759678,0.04856105500189451,1.1646080943082553,-0.004433271962509689,-1.1462268433906277
-0.9834734876161271,-0.4650754695515837,0.9666514974668655,0.4530879328605479,0.04866948778535256,1.1489128336981078,-0.004967819783147268,-1.1307611349888371
-0.9677638831572737,-0.46383841931173175,0.9506723398190868,0.460544419220863,0.048563254659716816,1.1331643705902457,-0.004639118794071716,-1.1157329373874698
-0.9478460254870853,-0.463814855437787,0.930636977071402,0.46961942409272006,0.04830702712500015,1.1129575114265098,-0.0040992446119781905,-1.0970493954205494
-0.9316277450924668,-0.46432741541873523,0.914490098399695,0.4770741216506951,0.04811877823218729,1.0967411469607546,-0.004291292792048077,-1.0824242408391291
-0.9155530577550616,-0.4664212499852968,0.8983764443668868,0.4849650530775513,0.048009530495010236,1.0805815196965718,-0.004426147727004079,-1.068093693426513
-0.8994450200869888,-0.47002306487780116,0.8821349550663894,0.4921218121688214,0.04797361420231629,1.0643607216685533,-0.004375494275451742,-1.0537651053088397
-0.8832235388508292,-0.47454841925930086,0.8660674140275445,0.4987095034874122,0.04783371284896144,1.048283316183316,-0.004734037513270581,-1.0391652265798095
-0.8674520621602171,-0.4794757314754024,0.8502593735410656,0.5052896203735172,0.04739546604058005,1.0327522766458463,-0.0047060784009695334,-1.0245853589089338
-0.8476012835381359,-0.4868674057512672,0.8302830391045208,0.5127605646135975,0.04748062949897985,1.0132322292864908,-0.004522250066371047,-1.0060016962779488
-0.8314635921195039,-0.49286444902695903,0.8142237564441597,0.518478509440999,0.04762944746062774,0.9978194992816491,-0.004875538612808598,-0.9904992279535886
-0.815782421936357,-0.4997689821681087,0.7982901007203586,0.5243761593591583,0.04757714440642166,0.982567368446259,-0.004518236693364838,-0.9753663414614693
-0.795843180061834,-0.5090784019530802,0.7782331363422461,0.5311617458939649,0.04721566331821749,0.963874109224924,-0.004110700000322696,-0.9565602341697473
-0.779607867421318,-0.5165540050664995,0.7620862180376887,0.5362742812670761,0.046937464408312715,0.9492718263540644,-0.004294436507459787,-0.9412969231912416
-0.7635202388091334,-0.5240861414370203,0.7460042897191316,0.5414398674636269,0.046823139839709205,0.9348616290229134,-0.004400542926784782,-0.9261319364206808
-0.7433924411164284,-0.5325269701241011,0.7257752388833963,0.5468497208676096,0.04681845078149805,0.9167074980867249,-0.004428291580336823,-0.9069798235227337
-0.7272111611091754,-0.5383762016171408,0.709885119636643,0.5506325677256304,0.046637995115691916,0.901856787360876,-0.0048577828825733076,-0.8913814359147383
-0.7076080288328266,-0.5443662240284534,0.6900787686998466,0.5553255016587846,0.04640883542662362,0.8827925524208075,-0.004373178265665425,-0.8720037676051163
-0.6915284029694476,-0.5486209144610149,0.6740596062249411,0.5587843400457809,0.04652550197981436,0.8674265635954046,-0.004605049719903646,-0.8561027129934402
-0.6715638795571645,-0.5542685180374516,0.6541126848347463,0.5637689423067925,0.046748628420245505,0.8477557990180795,-0.004701764381449955,-0.8363650944618266
-0.6558869371852125,-0.5592327894144893,0.6381651553624075,0.567456027893702,0.04741644888616106,0.8323488397730928,-0.0035144113038985203,-0.8206715133458602
-0.6397311794600624,-0.5642375784624056,0.6220147418813697,0.5704909691689922,0.04926645935637307,0.8170810525522836,-0.002237192868251148,-0.8048034848865796
-0.6236574138758118,-0.5686269530704473,0.6064061921165057,0.5736239336228954,0.05250812266534784,0.8016339595775493,-0.000550707521397974,-0.7890069037188168
-0.6087265878508007,-0.5729562534260031,0.5932762605890368,0.5767692866055396,0.05707494140320264,0.7861376150802972,0.0018987147107633199,-0.77325177501282
-0.5979903348911579,-0.5767776048796172,0.5840385041012768,0.5793604645943858,0.06281924223566633,0.7706804792759346,0.004839224093864883,-0.757563582578661
-0.5906263675862096,-0.579937906698026,0.5773275409064754,0.581478268154776,0.06913337620832874,0.755022500928991,0.0078908627282972,-0.7417157647523782
-0.5850334443389559,-0.5828829946136626,0.5719572374633377,0.5839113853567819,0.07584617613157422,0.7392481513944078,0.01143837627367595,-0.7259905337791388
-0.5793151037903128,-0.586581658709707,0.5664807157912354,0.5865704945766068,0.08542030496214872,0.7196440600190721,0.01669341477536093,-0.706032807714696
-0.5755095826184763,-0.5897865572986786,0.5626961923609617,0.5896357518572442,0.09365480534627742,0.7036546488199692,0.021357382318338065,-0.6901346906799685
-0.5722360160330764,-0.5937928405931072,0.5593940129193812,0.5921359792562497,0.10233129646196124,0.6879971063257306,0.026223127972561364,-0.6741591024972645
-0.5684798100490538,-0.5984161748407599,0.5556432818337633,0.5941998534824587,0.11393443987757199,0.6683736743409443,0.03294047958314458,-0.6540651201050092
-0.5656846355305895,-0.6012300896995008,0.5529269152068207,0.596106636173271,0.12377065956141108,0.6525087506902356,0.0386249392422139,-0.6380746639147954
-0.563003621104674,-0.6029932996346108,0.5503592014403259,0.5981499705776078,0.13431128660814595,0.636399464468455,0.04453005960852758,-0.6220913771751372
-0.5604818682675418,-0.6017901368508191,0.5478796741319688,0.5995770349068432,0.14019222426666772,0.6198620089246001,0.05077750024279731,-0.6061947986554295
-0.5597782402917542,-0.597083461616484,0.5454522446176127,0.6006767202510878,0.13816487222023283,0.6032473845952822,0.05726232539471523,-0.5903507799437865
-0.5606054827943467,-0.5923592262595304,0.5431337532767554,0.6022187677786319,0.13152674775559145,0.5872631862862353,0.06390986395172607,-0.5746638139723441
-0.5622454890748291,-0.5891078898285462,0.5408121170836453,0.6033032480888996,0.12346835882493647,0.5722352019179087,0.07105419432214424,-0.558744812001649
-0.5646297562428676,-0.5874142507876885,0.5379166018630533,0.605991349211253,0.11292725141580545,0.5550218207933547,0.08102768488471886,-0.5388597961849546
-0.5667397729159547,-0.5878050679065011,0.5355374893577688,0.6073403339833362,0.10440048769457554,0.5419734008917607,0.08939390924758843,-0.5226433263633982
-0.569128244197382,-0.5893420874368945,0.5327089855649122,0.6079800975852694,0.09624923146884701,0.5290649234552024,0.09798360236999065,-0.5064830833190221
-0.5717085019731862,-0.5907570909898944,0.5295750044722296,0.6088391155150742,0.08841622982048906,0.5160314706612635,0.10700584204858422,-0.4904098495636741
-0.5743689437023037,-0.5920583753891414,0.5262147709290205,0.6100427552094799,0.08084063578936154,0.5028916146075142,0.1166995822410126,-0.47431360781314574
-0.5775125104221395,-0.5937593928979729,0.5218015995834469,0.6104667678203831,0.07161217460444143,0.48634726928910527,0.129648906978466,-0.4543227537463401
-0.5797243208342957,-0.5954457386195355,0.5181900286675087,0.6110596817467785,0.06428725773421115,0.4730200768599644,0.14042081565389802,-0.43844797089480514
-0.5813519643960666,-0.5961492019827389,0.5147418966586013,0.6114562722959738,0.057156094849912444,0.459394349406727,0.15215604618160336,-0.42272535528949373
-0.5824128242607055,-0.5967037812268574,0.5115628394695233,0.6117446358895103,0.05029118333676206,0.4457242686150176,0.16468265320266695,-0.4067915773622044
-0.5829716825666938,-0.5981177957161748,0.5074836604536337,0.6129908349966489,0.043245696599152825,0.4318575065099531,0.17771301247165366,-0.39093871088211085
-0.583023936145052,-0.5992504254426543,0.5022281224411249,0.6137590447254024,0.03589518529109843,0.41769587072701164,0.19076013414678966,-0.37481372505817145
-0.582592563409305,-0.5998545053071049,0.4968057089184708,0.6133847398082433,0.028072884701686094,0.40347165271055935,0.20450375325317283,-0.3585813225842664
-0.5807848676038103,-0.6025000923366838,0.48853774750498413,0.6131314167786814,0.01812329523847049,0.38560736306144017,0.22241560931897053,-0.33844624702434306
-0.579024367791374,-0.6040637810749211,0.48112969900054214,0.6131948424453935,0.009728325846307756,0.3706673372123527,0.23641576368274936,-0.32227051957503466
-0.576879802519505,-0.6043157471185696,0.47265060246005,0.6125688986151777,0.0006400226523635075,0.3551117433401319,0.25002189898471866,-0.3062070016324459
-0.5743936720436154,-0.604591244384812,0.463831835996466,0.6121791551090527,-0.009169617361208013,0.339134696127039,0.263585539104425,-0.2904901731145346
-0.571941531232697,-0.6057983875043577,0.45446236541930785,0.6119925609720575,-0.02024707728849589,0.3229967942995025,0.27672190986757356,-0.2745001541639747
-0.5692543356800079,-0.6062405462354292,0.4456745453501755,0.6107260281222219,-0.03197979493576285,0.30697039537160303,0.29015650593458275,-0.2584528812922573
-0.5658537384829803,-0.6068920856396046,0.4367918587394374,0.609878212999621,-0.04449019157051015,0.29115060228402384,0.3040238016152714,-0.24265827652627037
-0.5610150138158602,-0.6089153777494247,0.42470966027553275,0.6092285796382497,-0.061511584197928945,0.2712440628669396,0.3205466116106592,-0.2225980471676991
-0.556859648244593,-0.6102609445424158,0.41531562956606466,0.6078237346043458,-0.075689455965642,0.2554582428479287,0.3336297392586713,-0.20644632123245765
-0.5542177140893991,-0.6121751827404918,0.407476554296465,0.6061135655609501,-0.091548681266788,0.23983362931496213,0.3477893198317333,-0.19043730201148718
-0.5527245732247038,-0.6126259874470242,0.4017439891917778,0.6044538132675875,-0.10907866448330664,0.22368040504133613,0.3627269571460007,-0.1743332276678115
-0.5521334493328831,-0.6122513381473285,0.39729595405142193,0.6028650064618994,-0.12662219714957051,0.207434439153623,0.37842845698455174,-0.1581988950068715
-0.5526888337079188,-0.6125393740702696,0.3942581203761208,0.6013508077555896,-0.14431940165300153,0.1913218906884409,0.39465368921800903,-0.14259433066434724
-0.552916576004445,-0.6129706462466513,0.39174648673628754,0.5994475598920075,-0.1612048163665213,0.17511998604104756,0.41097286758261514,-0.12675545584010262
-0.5523271226356112,-0.6126990980965648,0.3894521709523873,0.5973443600730084,-0.17778297599751303,0.1590041779472437,0.42730005283048544,-0.1107632770054765
-0.5503176169175168,-0.6115056214028681,0.38694797493272376,0.595141057040744,-0.19391707931391394,0.14313656019780974,0.4435315399970079,-0.09500330181376983
-0.5455102451909623,-0.61033026309112,0.3820660754731265,0.5920977652702677,-0.2132678251581548,0.12314042126798372,0.4631391907455078,-0.07515381366103817
-0.5408589486844032,-0.6090433824850748,0.37859641726009957,0.5893416708596712,-0.22845864625077578,0.10713372459995135,0.47906131409264024,-0.05920331320054978
-0.5356379836321272,-0.6089564767071588,0.3759940016400956,0.5869505843755225,-0.243601976788188,0.09130451230108,0.4950856040281617,-0.04334123587021993
-0.5298822138848686,-0.6094465793408103,0.37340408868356123,0.584360619674165,-0.2586292340767567,0.07527222295403993,0.511156378848255,-0.027464668795078556
-0.5230962180759576,-0.6090278652758117,0.37073362706340646,0.5814804517655258,-0.2732017077694609,0.059056500021148275,0.5269811950654765,-0.011552883313815265
-0.515093281420574,-0.6076601132559845,0.3679871821188741,0.5786158291380615,-0.28767453003499077,0.042987708314377135,0.5427081443740309,0.004125276971940761
-0.5062008577643743,-0.6057566569563506,0.36430135774127237,0.5758408629648162,-0.30175531064570804,0.026911116674418617,0.5582490694678619,0.01962296916819757
-0.4969609256083752,-0.6043724863512459,0.3604096304915094,0.5732853390091953,-0.31535801315119083,0.010734851940963117,0.573808907705911,0.0353366821243922
-0.4873088034314425,-0.6030305180267146,0.35725016252273634,0.5706603084442748,-0.3288351106085414,-0.004943272828621684,0.5894055209984747,0.050832811272552306
-0.47755495284836874,-0.6010501946169851,0.35333136836525564,0.568012893065649,-0.34171266027682756,-0.020792080356645884,0.6049465707404045,0.06662620340724235
-0.46704534802476205,-0.5988491192344743,0.3490290630530307,0.5650737309564083,-0.3543327194726296,-0.03681767523459244,0.620575318408155,0.08255647588574115
-0.45544955166841106,-0.5959169141044074,0.34461162058804684,0.5620903216927918,-0.3671855908857139,-0.05255799335184607,0.6360138186824219,0.09833921277704741
-0.4452796125390418,-0.5923998443608339,0.3398795038462129,0.5592082330850572,-0.3800726432205335,-0.06832907257007804,0.6513684061724626,0.11410789939867322
-0.4368640770233204,-0.5878043182901075,0.334769433048556,0.5564490144764576,-0.39353786945016556,-0.08405904701281194,0.6665886334589269,0.12999847939848497
-0.42996371262660005,-0.5826243947649973,0.3298244600867738,0.5540923227550758,-0.40827467973442955,-0.0994008995320134,0.6816904975779373,0.14592069519485673
-0.4237299428196849,-0.5764487061158368,0.322628081505133,0.5513769102285649,-0.4283984395616819,-0.11849884870298194,0.7004183048069289,0.16548598077306756
-0.419744683742828,-0.5719991675250269,0.31574961245257965,0.5489421719560068,-0.4443165165520709,-0.13407410800699265,0.7150898176944526,0.18124990572485922
-0.41672829320449667,-0.568226581229303,0.3090120283582922,0.5465194366738325,-0.46085329159368593,-0.14957537271132054,0.729714637444702,0.19681144015048793
-0.4140895848460242,-0.5632185478417683,0.2987579455588379,0.5434184453992948,-0.48123248689230125,-0.16883719588616408,0.7473749311359091,0.21655435603760453
-0.4121391568894993,-0.5590764626913803,0.29020081374602963,0.5406325298586845,-0.4972816102410871,-0.18436273943756137,0.761285894701129,0.23248421379144846
-0.4094047050148805,-0.5546783127492629,0.2812705859105285,0.5376828578606112,-0.5131951977627026,-0.19961204010672517,0.7748780244967346,0.24826581223496036
-0.4050347022129129,-0.5479146294074942,0.26807933758020214,0.534066112533907,-0.5328638733941183,-0.2186601301389251,0.7905612575427505,0.26798781225584656
-0.4018392154843592,-0.5418706654251365,0.2573248961447185,0.5315296979375288,-0.5484448600229141,-0.23369163284590316,0.8026757171959049,0.28391850944285973
-0.3976426938245739,-0.5362491179191118,0.24567252105238221,0.5294938288337958,-0.5641368171633545,-0.24842864511100618,0.81462011876105,0.2997544627647473
-0.3933370331215481,-0.5318594008712165,0.23026987336515858,0.5265920584278792,-0.5838250976876709,-0.2679814230330589,0.8286241760603467,0.31929026669081395
-0.39199297516515264,-0.5307986207441759,0.2177392228100704,0.524126856998315,-0.6001398903009514,-0.2842044342706129,0.8392625754552787,0.3350371467653691
-0.3912134772639353,-0.5312133737513993,0.2042359976193661,0.5217305075601082,-0.6164346205256185,-0.30057311858664326,0.8497147838643158,0.35058613706461195
-0.389504948963565,-0.5312904654052485,0.1892648347349047,0.519183560116047,-0.6324380592289622,-0.31672339584126985,0.858857323105804,0.3664214443897875
-0.3859175523008911,-0.5302554756756472,0.17304634041218936,0.5163373547065029,-0.6479261539283002,-0.3327303283794744,0.8658640464415706,0.3823642587742065
-0.38117801364123866,-0.5284093874858444,0.15612544839178633,0.513374016280435,-0.6632109702701833,-0.3483924500998793,0.8707476603501847,0.39813750901222994
-0.37643125969948915,-0.5251028231525919,0.13622546356616036,0.5098252539010877,-0.6826055535023929,-0.36822919023256134,0.8777437633765865,0.4178774871758363
-0.3734364919970131,-0.5209855483551613,0.11569223450431464,0.5067527203482882,-0.7022848776194162,-0.38800001123090266,0.8841114169459483,0.43779630438767936
-0.3708327657654155,-0.5176621052930085,0.0994899493725564,0.5048032818737962,-0.7181927419093019,-0.40370519842669195,0.8888177653758833,0.4535688879795653
-0.3664060448794489,-0.5146778976167526,0.08355577541378392,0.5023463410617235,-0.7337401210993908,-0.41952877698765223,0.8931635401354726,0.4692143594288921
-0.35859623584617606,-0.5117255618360524,0.06289093839080517,0.4992044934642731,-0.7526537186423117,-0.4394466405818435,0.8966893565620664,0.4888290076032893
-0.35167539174591067,-0.5098322062226064,0.04673377781359295,0.4968095887131316,-0.767493276276396,-0.45515327588718707,0.8991846282091741,0.5044642692352838
-0.3464664528518903,-0.5075840399808734,0.030434132819555204,0.4942389525522156,-0.7824819293882472,-0.4709148445263678,0.9009733538388525,0.5203402067557732
-0.34325291126952656,-0.5052339019615832,0.014044253009562704,0.4912588170076091,-0.7980523893619771,-0.4865767769875282,0.9022883385460867,0.5362206009148713
-0.3398233239150446,-0.5027815767051235,-0.002113386823277927,0.4883283852389809,-0.8137402778143875,-0.5022424723181029,0.9038164158953573,0.5519793399448768
-0.3307919354364272,-0.49953072721680936,-0.02241482840465439,0.4848520455462866,-0.8319530845860896,-0.5221457518123463,0.9061494458040387,0.5717717030972499
-0.3201140812081607,-0.49652559106700744,-0.03857109301442266,0.482440980234917,-0.8451963964867552,-0.5379693729649655,0.9077028131706933,0.5877198575776269
-0.3087674307875231,-0.4935196241276909,-0.05469288825570797,0.4803974874413635,-0.8582497947053545,-0.5537054921527985,0.9087072323915732,0.6034986272998136
-0.29908059724762887,-0.49069617082288636,-0.07115867007096933,0.478155613884517,-0.8717299020182343,-0.5695673299759723,0.9088795905686015,0.6192250945355686
-0.29175398876620195,-0.4882959643925697,-0.08746899352564742,0.47562827123016554,-0.8860421091259435,-0.585498720149171,0.9091320219509746,0.6349434386616238
-0.28276393973889685,-0.4857931050770689,-0.1074923380944054,0.47253339481700307,-0.9040662304724316,-0.6052163379885179,0.9089844639375241,0.6544669410561077
-0.2693565287749274,-0.4833160482304671,-0.1276883194609138,0.4692429825357295,-0.9194666206204417,-0.6249133928748904,0.9084172795361256,0.6743373081894899
-0.25437054325684816,-0.48112045970695194,-0.14367176253112057,0.46629977170696485,-0.9291982403626543,-0.6405286165313576,0.9084340090409933,0.690196073418694
-0.2349212929991785,-0.47779949599437677,-0.16358907307168963,0.4627592912427151,-0.9399537696264147,-0.6602366244448529,0.9077735648740181,0.7099338492538206
-0.22003297591967408,-0.4746657951585508,-0.1797398781071864,0.4600040162999893,-0.9480470086327478,-0.6761207340751458,0.9069843977926486,0.725823962810081
-0.20550564337080413,-0.4713485090842746,-0.19576697892718076,0.45786663911643094,-0.9565208491777928,-0.6918381436001297,0.9063854641162983,0.7417135375990705
-0.19176597445746163,-0.4682477508744848,-0.21187994644455216,0.45565390571773134,-0.9662503238508839,-0.7075654426669605,0.9046446488338276,0.7573517599768598
-0.17763622015457387,-0.4655108169632934,-0.22798836738349226,0.4531301260687313,-0.9755757654833472,-0.7234671318159611,0.9020769347215313,0.773062525173844
-0.15784876213195187,-0.46292755469990887,-0.24808950896451887,0.45003671033021836,-0.9835476459171063,-0.7433143105138794,0.8990406631132186,0.7925678864227451
-0.14054300278887782,-0.4606427936092715,-0.26417174171574165,0.4476052011105741,-0.9869288906412349,-0.7590506183537837,0.896136329977058,0.8083313261433245
-0.11826691126965916,-0.45776545709967453,-0.28369250225246395,0.44421150088504063,-0.9896691849804049,-0.7787696153186353,0.891164070613568,0.8282240484776038
-0.101653752405408,-0.4549695206002573,-0.2991529806501553,0.4412793849671451,-0.9922068856142425,-0.7944825049808097,0.8874554926899819,0.8440424944445318
-0.08527373385405795,-0.45252996252925626,-0.31454485880180705,0.4384119480563101,-0.9949813131335804,-0.8103436135563913,0.8837101009323085,0.8598026868166135
-0.06520455398900431,-0.44912270747721117,-0.3340319176343054,0.4350790880153642,-0.9990369741852425,-0.8302326083301822,0.87950260296972,0.8796873151389639
-0.04536585751513526,-0.4452700585940127,-0.35295114771578845,0.4322559611724348,-1.002846640157791,-0.8498946746538903,0.8714081577028276,0.8994619759024178
-0.02927288136568358,-0.44225933304231285,-0.36766847934020075,0.42940426365046025,-1.0050376501570941,-0.865705652313225,0.8646458075695664,0.9152777047380842
-0.013017511150159963,-0.4398271670849174,-0.38258262295726697,0.42636414126592753,-1.0060432881838028,-0.8816393591549483,0.8593468716974177,0.931257127985527
0.0034471030268714564,-0.43791050928022,-0.39797333812544117,0.42376813388435164,-1.0061820967268431,-0.8973900049419132,0.8549288068996013,0.9469956036144047
0.01993031454696735,-0.4356436873780092,-0.4136106838513108,0.4217192479989027,-1.006042589392119,-0.9130754118569337,0.85146614390084,0.9629170637556056
0.039986632835832744,-0.43251834991418364,-0.4331906835580226,0.41832982558725573,-1.008002529761331,-0.9326790169382432,0.8475496631618233,0.98279972878939
0.05613679222769518,-0.4300645286637132,-0.44888447228862927,0.4154471687386322,-1.0095305628055429,-0.9483321729814311,0.8442045631322999,0.9985679065536589
0.07226222277062391,-0.42742885993078705,-0.4643435416901462,0.4126588692462494,-1.0104727532427267,-0.9641835960089826,0.8402682709340141,1.0143776779048517
0.0925188260698459,-0.42359025243678844,-0.4834999331599903,0.4096383590595442,-1.0104270948067415,-0.9839771421084427,0.834910765993839,1.034290634954261
0.10883341318857057,-0.4204367066015996,-0.49888550553449,0.40751521290157766,-1.0096677958087863,-0.9996879241040578,0.8302796759878868,1.0500407962238696
0.12490723611378225,-0.41752941729435605,-0.5141632863710521,0.4050015707322127,-1.0081727815314956,-1.0155198734715842,0.8251398400575869,1.065668389469022
0.14484088197023304,-0.4146276507370112,-0.533415959695657,0.4009858444732432,-1.0073388757903554,-1.0354126304356317,0.8193516005932805,1.0851521757096596
0.16099391369325014,-0.4123420154992684,-0.5489747232413458,0.3960781974700986,-1.00674532432317,-1.051140981125814,0.8149186109330054,1.1003599193176208
0.17671259714190007,-0.4094680724930305,-0.5644480398244329,0.3892494415160021,-1.0060258997104425,-1.0671113133992318,0.8110445067854761,1.1153407475887225
0.19661093417867465,-0.40570300679651505,-0.5837106200216969,0.3791706236180148,-1.0048669311418124,-1.0868850444829468,0.8060915080963993,1.1333427802175076
0.2128451223238556,-0.40356000484770915,-0.5993055907645882,0.37038093783334997,-1.0029769582071908,-1.1027097885925023,0.80192403325653,1.1469293878325502
0.22883312837848485,-0.4011923634253291,-0.6146199691793958,0.3600721342501934,-0.9997860373920985,-1.118701917217605,0.7978440378263021,1.1597173015438407
0.24475724585622027,-0.398338704580513,-0.630051454637675,0.34839708870453734,-0.9957340554499003,-1.134527623164999,0.793762162829245,1.1707886001567758
0.2606198435553707,-0.3953229614305215,-0.6455588272942816,0.3363997010963668,-0.9914941179342459,-1.1502637729488516,0.789353503351944,1.181251861185351
0.28014482730281887,-0.3917724313705598,-0.6646004607757999,0.31998534217947255,-0.9867182800686474,-1.1701029880251588,0.7837697489596769,1.192689538517152
0.2954641870246031,-0.3895404473283916,-0.6799045719757104,0.30728005914556267,-0.9823016949625342,-1.1859747862889434,0.7795807169108508,1.2023216174909146
0.3107534623936256,-0.3874948370799026,-0.6954598867441257,0.2944035435516431,-0.9774810338392714,-1.2016331378661473,0.7753035379201132,1.2127494816728663
0.3296043954603065,-0.3844998081192751,-0.7148172340722326,0.2768744415555034,-0.9705117561112319,-1.2213304573056254,0.7701768541488162,1.2249289408939805
0.34480277736277004,-0.3820138206015509,-0.7303667485204483,0.2626498834498416,-0.964312940596564,-1.236876271011991,0.7661043602253582,1.2333957215138354
0.3638437002302767,-0.3788527475805535,-0.7498915133937423,0.24461747856686886,-0.9573578723526303,-1.2566138231944914,0.761278018600423,1.2438952548963982
0.3790022789793034,-0.37592460949158146,-0.7652586641627707,0.23105452530288906,-0.952262883757114,-1.2725274461133178,0.7573689045985207,1.252646313374503
0.39412726681864957,-0.37283009243636017,-0.780667722400581,0.2163332529485686,-0.9468299787396605,-1.2882790152302375,0.7532472310666117,1.2610761429215276
0.40923571268770775,-0.3697941056000315,-0.7960673455606262,0.20182434662408733,-0.9420047935778711,-1.304022644710674,0.7484755970184219,1.2698074787301248
0.4283464598772714,-0.36643138249577695,-0.8152706297904062,0.18564610820139993,-0.9362749934355871,-1.3239046095967453,0.7426578785323299,1.2819705593092514
0.4434744793419821,-0.3643360360077367,-0.830776541898367,0.17358388185832907,-0.9310112336943263,-1.33973668176301,0.7383082319614753,1.2927063362853677
0.459243648455141,-0.36223163626813293,-0.8463544699580908,0.16164680247716592,-0.9281921780456188,-1.355381993805991,0.7342418958011463,1.3044522863904582
0.4746524678006178,-0.3598267081699802,-0.861822769804131,0.14950307765782855,-0.9237851866268381,-1.3711594750113294,0.730416559461348,1.3158229507305128
0.48933569049965847,-0.3573218875072867,-0.8773293153276538,0.13693601695442736,-0.916338111168816,-1.3866969450672795,0.726559569918931,1.325763291498079
0.5063172550459046,-0.354181498835344,-0.8966737725125813,0.12143480575831823,-0.9036677403189018,-1.4064255092170197,0.7212163567232014,1.3386390264139496
0.519069750207972,-0.35123353875523033,-0.9120315769188911,0.1092484318650453,-0.8925260701075038,-1.4223214933792354,0.7172334655687276,1.3491292327096587
0.5321902246829537,-0.3480709854807428,-0.9275064221823516,0.09610437243908543,-0.8831800503701264,-1.4380399708643818,0.7130526523328109,1.3595549913738214
0.550534017579577,-0.3442447666321556,-0.9467834642533394,0.07989692417236388,-0.8755551902814684,-1.4577367458544213,0.7071307945283783,1.3732863219390583
0.5664251149119583,-0.3416318434909917,-0.9619195565085081,0.06862877928190556,-0.8716469060488627,-1.4736631763224073,0.7019575847280324,1.3850210354525518
0.5821979685061877,-0.3396065993415578,-0.9768056925466861,0.058980099220775975,-0.8677592100953537,-1.4894936921094186,0.6954982261887247,1.398787589904178
0.5977563035590487,-0.33751955879244283,-0.9909263569307303,0.04934868978964464,-0.8633417620475587,-1.5051509304234163,0.6870609323708694,1.4131134248745483
0.6125893428016799,-0.33510780971890125,-1.0045215907968328,0.03935377792012064,-0.856928331542644,-1.520925887836175,0.6773005762752462,1.4264015950339952
0.627036173583851,-0.33260182306338315,-1.0178721163887972,0.029328187159018276,-0.8496053942517949,-1.5364602140164796,0.6669487501513695,1.4388919673747154
0.6456930516559399,-0.3293939721993623,-1.0346473973188723,0.017411478304074843,-0.8420037156831851,-1.5562244674392969,0.6541620938904514,1.4553169333161888
0.6611106639271216,-0.3263901362180828,-1.0478453768130496,0.008596412721846178,-0.8374820072981678,-1.5721281681430854,0.6445108182345519,1.4686022381982127
0.6769989316673228,-0.3231392952970328,-1.0606283476465181,-0.0008623554273784612,-0.8346207431760205,-1.5878409108251759,0.634370605736107,1.4823706675671953
0.6972551009744596,-0.3186690136206086,-1.0771977843272,-0.012574003618429141,-0.8324153983454062,-1.6074217700493951,0.6227821153251372,1.4999230081913248
0.713376328920422,-0.3148624535688289,-1.0903006380084332,-0.020625468602593115,-0.8303661258496258,-1.6231328527266813,0.6138492924604299,1.514697268695222
0.7289344049064318,-0.31075195314781484,-1.1029874265638449,-0.026496916669481844,-0.8265018909979767,-1.6383048730139054,0.6042893066177016,1.530590690033172
0.7480876550234622,-0.3047164892589092,-1.120118771578762,-0.03412601272971994,-0.8208000712290289,-1.6534238887825516,0.59372324488077,1.5496543463592523
0.7631451309108709,-0.29991478173592434,-1.1348951651986947,-0.040220819338771786,-0.8150394549908854,-1.6622113799364853,0.5870152268210281,1.564953087587695
0.7784013936028783,-0.2953204963770208,-1.1502583275045868,-0.046577675364324875,-0.8094843880033389,-1.6679745322516082,0.5808637224535678,1.579866308216374
0.7976242896084313,-0.2901099747636069,-1.1695778784407056,-0.056438985885249225,-0.8034948406114645,-1.6731094218998748,0.5739021595583453,1.5971208293431196
0.8129500647550627,-0.28593657140886175,-1.1843047642298419,-0.06489219924832912,-0.7987324592654169,-1.6764642569130683,0.5675611256655715,1.6104318043915533
0.8282387110654201,-0.2817625832671263,-1.199536417512165,-0.07465029359362528,-0.7943124455032164,-1.679075710949341,0.5618052423385469,1.6234247800804325
0.8436870747300362,-0.27767781333390135,-1.2150243553218258,-0.08595036141417105,-0.7904732463426656,-1.6812213966634284,0.5571343068734433,1.6353860131806173
0.8591676918932607,-0.27372720101683873,-1.2298389036307935,-0.09701741590285817,-0.7862948731369511,-1.6830590007714337,0.5513897986753605,1.6474481578100266
0.8783422697832948,-0.26887477499425305,-1.2479868495398687,-0.11124500545906607,-0.7806476106256484,-1.6850264319892128,0.5430783862555995,1.6624753452688126
0.8937270628924778,-0.2648590658623093,-1.2615967704600333,-0.12493667076413907,-0.7763112247577846,-1.6863950754679247,0.5345195350593392,1.6726713528735044
0.9089342820166207,-0.26044257063042925,-1.2735005389670562,-0.13879555547052727,-0.7711090900226203,-1.6874928120732817,0.5225658705013162,1.6819133109745044
0.9281819170806785,-0.25465179232245294,-1.2870112356102175,-0.15482160045191204,-0.7650002178600829,-1.688598029130335,0.5055485468971911,1.694580665039354
0.9435973342617954,-0.24987739818160773,-1.2978979642883184,-0.166619458853647,-0.7603517970884505,-1.6893330430575895,0.49267481994297835,1.7051766653303992
0.958868376258204,-0.24489489272194262,-1.3084698201679905,-0.17969986612564784,-0.7554598832798047,-1.6899487269958366,0.47949898892888726,1.7151830327870556
0.9779334300895692,-0.2385010026483294,-1.320607383952829,-0.19765675182847625,-0.7498433592884406,-1.6905311634183073,0.4628496632914061,1.7270768332708788
0.9933923413136572,-0.23312861951897218,-1.3308015957588133,-0.21035976957908803,-0.7459205520650166,-1.6908318040911634,0.44999714060496865,1.7376750736607807
1.0087921719715671,-0.2275705536670531,-1.3411060573429336,-0.22066512109454534,-0.7414727333090397,-1.6910406501357886,0.4379076429999537,1.7506329086834014
1.0280252713114846,-0.22024432147444722,-1.3542859189128247,-0.2361241325001297,-0.7361153292975338,-1.6910625304479903,0.4228424699640706,1.7647727637609858
1.0433719453309704,-0.21405303179753005,-1.3646336737439106,-0.25032955447178495,-0.7314889976860095,-1.6908211560164363,0.4092457581902502,1.773572350944208
1.0586527729066157,-0.2077690143475417,-1.3749813497332803,-0.26359149896105466,-0.7262652469583978,-1.6905005362875103,0.3958158339356301,1.7824876807617382
1.0779527026627254,-0.19972701074647953,-1.391576240101286,-0.277063358091354,-0.7202773030820795,-1.6900881065799762,0.382948775771541,1.7978502351943286
1.0932960266972376,-0.1929428990564343,-1.4061082786759704,-0.2882484767186973,-0.7155266258790183,-1.6897170904160828,0.37393795391496104,1.809366253173256
1.1084854228991983,-0.1856566351816259,-1.417320034268318,-0.30199823866864933,-0.7103987077348878,-1.6893037406973956,0.36199608164096914,1.8190275814230414
1.126268787173008,-0.17608141548833883,-1.428705248638473,-0.31856141912866576,-0.7046338707562175,-1.6888105591664004,0.34517389633955076,1.8321361119781905
1.1378629240217804,-0.1660138851337296,-1.4444813140038424,-0.32964646388107516,-0.7013468147268995,-1.688230931579187,0.3324573437927219,1.8504041402772646
1.1433264401427559,-0.15784556238017677,-1.4600628912575746,-0.33788300184230974,-0.6988423369903399,-1.6878273329232873,0.32578364157955675,1.8655762093136028
1.1471334839179188,-0.14985074485257138,-1.4752004994126187,-0.35011748685972327,-0.6963523753044027,-1.6883300697604797,0.31869192780331856,1.876923669686487
1.1508806406169145,-0.1396304544629008,-1.4927186170288491,-0.36575416504895764,-0.6936477202892201,-1.6892011566026004,0.3083345851463917,1.8894980806955335
1.153395908536307,-0.1312108149598798,-1.507219269806394,-0.37404585281562763,-0.6916534801564005,-1.6899851912440185,0.3005952691939068,1.903850288696892
1.155482698541841,-0.12225046484889146,-1.5237719178317175,-0.3804196612073046,-0.6897437639538102,-1.6906736154880353,0.2958231477943406,1.9193705947819641
1.1577251392945418,-0.11079228949339602,-1.5438776419962466,-0.3898257587060443,-0.6874164875202867,-1.6916497997426163,0.2901971460155353,1.9374103649194199
1.1596729001620825,-0.09905955785477098,-1.5638377509737638,-0.4016683869579142,-0.6850902573203154,-1.6932236343131395,0.28453312020580857,1.954469587263554
1.1610352852560468,-0.08938806005254284,-1.5799577426039428,-0.40754997183958913,-0.6832210572700533,-1.695189752886416,0.28110208331640363,1.9700398092607594
1.162199891260982,-0.07934621151684462,-1.596579720992069,-0.4101830210473483,-0.6812819076764279,-1.6975978202700142,0.27913239026510045,1.9877705280168034
1.1634479814163412,-0.06632308241861339,-1.6178672935822238,-0.414817470199411,-0.678723952875831,-1.6998499807835015,0.27882593248668164,2.008427486273842
1.1643021352053564,-0.05561656216394009,-1.6345783634008275,-0.4189992143374881,-0.6765819897493157,-1.7019041388483211,0.279212476020506,2.0244067916070914
1.1650256858706407,-0.04465359735619212,-1.6510777670816168,-0.42130061080521064,-0.674337053707362,-1.7047520472846793,0.2795050155857471,2.0410119365058104
1.1656331760811702,-0.0331954622916599,-1.6675521412112322,-0.42224893196848745,-0.6719669980305696,-1.707756184799499,0.2797510215810908,2.0578323680968094
1.1662743668890891,-0.018167878118030154,-1.6875769484621783,-0.4219834636887846,-0.6688485849401776,-1.7117213222138077,0.27935378794693,2.079062798505092
1.166782898457144,-0.0026435419815911687,-1.707545745997657,-0.41918321884595205,-0.6655523103477372,-1.716008207753704,0.27805283381626983,2.1002383678355123
1.1670701314536136,0.010121396635869473,-1.7234696986025964,-0.41628169316836916,-0.6627393451518863,-1.7195492187445012,0.2754947608649768,2.116788546585763
1.167293105297284,0.02364305890095242,-1.7391977309477844,-0.41326537732135954,-0.659779486281767,-1.7226003891053119,0.27235150325129376,2.1331623959261536
1.1675228849033314,0.04121163878711748,-1.7590377223266256,-0.40911192225849113,-0.6559221026914986,-1.7260921495696644,0.26884617040429526,2.153110167974436
1.1676772832294156,0.055664928985420685,-1.774994453914909,-0.40495345385739157,-0.6527482117503428,-1.728555598189911,0.26648375576319266,2.1691457344990344
1.1678270398547428,0.0709001148111777,-1.7906825617342597,-0.4012232774112935,-0.6493739271099515,-1.730514436182265,0.2641960290968207,2.185087438605283
1.1679819319711846,0.09066583112223343,-1.8105848812955188,-0.39540596264149813,-0.6447602668828485,-1.7318998269157408,0.26103343532392526,2.204962022912508
1.168033122656586,0.11061744471226667,-1.8304143437991445,-0.3879024018270861,-0.6396102686447317,-1.733511094105073,0.2574535946065349,2.224506914746658
1.168143215897739,0.1307587583899817,-1.850281471905787,-0.3811746720775588,-0.6341746488887956,-1.7355729685990504,0.2551090004402245,2.2435823734891036
1.1681400785975928,0.15063993784941548,-1.8701597108409984,-0.3752779567490293,-0.6279967486999367,-1.7385085952337413,0.25221499466849295,2.2627505945351656
1.1680633881264635,0.16670571635944437,-1.8859528475225802,-0.37144299052693436,-0.6227638589155144,-1.7406662632030707,0.2494260994539531,2.278157128374028
1.1678548791366505,0.18271320056376783,-1.9018114334572194,-0.3672254072007133,-0.6167584764138803,-1.7434194690753613,0.24677837947455022,2.29375364702479
1.1674696806035407,0.20222747631359994,-1.9218342586165282,-0.3604560685476931,-0.6084390958778423,-1.747855122123672,0.24388559232409743,2.31316789535252
1.167059665478667,0.2176196213892932,-1.9376194622506897,-0.35465799711713863,-0.6012633827001214,-1.751621890619267,0.24170027026673585,2.328451759600716
1.1666588289569557,0.23297864746392183,-1.9533522192948027,-0.3493440775382152,-0.5935017924662174,-1.7560628854708376,0.23982086193486413,2.3438124419774815
1.166142946056328,0.2517987148030057,-1.9729214093395133,-0.34306308370960825,-0.5831897244234547,-1.7630536159206842,0.2368517664804473,2.363092235143358
1.1656386652848219,0.2667167886295396,-1.988651037873423,-0.33857502880854956,-0.5744065139452186,-1.7703067885790007,0.23490883804158508,2.378204762894209
1.1652891719268734,0.28174507402084503,-2.004441327274028,-0.3342828754594823,-0.5647203236904208,-1.7780063905838068,0.23272968083965606,2.3934840792676737
1.1651248916573882,0.29979563070545234,-2.0242115659068576,-0.3290064917753671,-0.5514527181477105,-1.7888237368071684,0.2289473738357666,2.412742460987436
1.1655059875674008,0.3167865795234944,-2.043900844093154,-0.3235353882490101,-0.5374007696734981,-1.8012606934669662,0.22509694037028638,2.4318765378892815
1.1668723939489583,0.33289159885942765,-2.063869971896785,-0.3179561315409543,-0.5220796325188972,-1.814479474240783,0.22199609177537688,2.45153858478563
1.1682257074369373,0.34549443477027686,-2.0797720300277525,-0.3133479799551981,-0.5086785701215215,-1.8265291106429453,0.21989101856964502,2.467031641154676
1.171162217645123,0.3601661302803404,-2.0993834352042047,-0.3079260093769885,-0.4908426370991827,-1.8425983258807943,0.217518821220863,2.486367644593312
1.1743216890744548,0.37120166986729664,-2.1151237612776113,-0.3030745121409668,-0.47576149136998913,-1.8547789643707506,0.21530574985195863,2.5017998914961517
1.1782686239765552,0.3815769254827433,-2.130730791936496,-0.2978327802081935,-0.46037188068140966,-1.8676758101925248,0.21304775263478606,2.5170025121858437
1.183897012464091,0.3952950438174377,-2.1504897147241477,-0.2920769127755006,-0.4412421032941889,-1.883458091795873,0.21051354186717636,2.5359760409527774
1.1892569678335279,0.40681865904196124,-2.166337327316343,-0.28789092800970073,-0.42628317588548775,-1.8960856261776402,0.20777703149193716,2.5514087897595252
1.195897025008488,0.41760043332991803,-2.1820888032472627,-0.2836916011907781,-0.41128817216287433,-1.9093868971103296,0.20467686792011236,2.5667097549043447
1.205386189062836,0.4284239955478985,-2.2018784370192974,-0.27787354518180685,-0.3926807330282868,-1.9276114893442158,0.20116815775204028,2.5861089572986296
1.2166538113811827,0.4371297439962222,-2.221919471778418,-0.2726893514309747,-0.3751967065968529,-1.9481931371553571,0.1982938446440656,2.605824565492862
1.2270900014033537,0.4442500476607109,-2.2376234425940007,-0.2678144850422408,-0.3619951008387996,-1.9637185217362656,0.19604077597740305,2.621132089753228
1.238403891772241,0.45165557744432167,-2.25337632409433,-0.2631760756395592,-0.34961534165994446,-1.9780870881847983,0.19421653601094702,2.6365903836764377
1.2542211274667974,0.46129416550403524,-2.272943190751503,-0.256890361575745,-0.33523809858039244,-1.9961189739823633,0.1913067382232103,2.6556003468819567
1.2672002127345965,0.4683657414163288,-2.288713458341191,-0.2519569762613635,-0.324401017797801,-2.0104236483001383,0.18944028163902363,2.6707355467822023
1.2801408224327224,0.4755082065739943,-2.3044864698563545,-0.24703444467534988,-0.31387141613202624,-2.024913878626489,0.18723636057459875,2.686144762797482
1.293252727486004,0.48199752242699867,-2.320310902284725,-0.2419730322872611,-0.3039633422606932,-2.0398863855861715,0.1842151716028,2.7017429374052058
1.3067344891434527,0.4883568618089195,-2.33605835959433,-0.23765940026283378,-0.29366217433863234,-2.054854149550533,0.1811301653096722,2.7172905128173785
1.3233305971522424,0.4941165186185355,-2.355920694107785,-0.23230359447898663,-0.28020667734466387,-2.0748387569778455,0.17778715903397624,2.7370177067144152
1.3412117075712164,0.5002623939751112,-2.375865764369771,-0.22653888789639404,-0.26831492011361247,-2.0943040332298963,0.17492643716536568,2.7564520987941203
1.3569108023815286,0.505536802588809,-2.3916184976663457,-0.22195793789490653,-0.2615798231029691,-2.109685805637457,0.1730678462626308,2.7717965363382477
1.373930044563139,0.510421538975977,-2.407405052923989,-0.21725819082965941,-0.256785959189467,-2.1251293776304983,0.17110001525123197,2.7872612132171097
1.3908659089264583,0.515149601702664,-2.422996643672897,-0.2123886020650569,-0.25239970523187294,-2.1405063979869565,0.16857588951365599,2.8025305643233676
1.4109600137912728,0.5208552431131532,-2.4427469924352483,-0.20679297063494578,-0.2468182657773196,-2.1597458679667922,0.1660935467059464,2.821456002169441
1.4274789364715539,0.5249667315211348,-2.458505685644452,-0.20254344351493156,-0.24314896597834196,-2.1752334388175196,0.16373041393430246,2.836840792584365
1.4438054040065809,0.5283864446606841,-2.4743049437409077,-0.1982382394370758,-0.24018639807389006,-2.1910251803805285,0.16063285945780184,2.8521595897865777
1.459984257905536,0.5316463016037143,-2.4900628968018115,-0.19346629049468647,-0.23806982759514939,-2.2069920765892355,0.1576382567508983,2.867436449268283
1.480734536376298,0.534717918229676,-2.510003868574639,-0.18773493657542872,-0.2365608254492979,-2.2269827625596843,0.15443156928362034,2.887112957292073
1.497429576342691,0.5376105271131012,-2.5259733848021653,-0.18280669829530208,-0.23601237971638722,-2.2427900010105737,0.15234535845644995,2.9025233219575193
1.5140921879169715,0.5407130019244749,-2.541642178247765,-0.17803465879145342,-0.23631249270942528,-2.2587471667247847,0.15022111594346804,2.9178616365124226
1.5346409659667875,0.544586738981347,-2.56155521512541,-0.17215283662032324,-0.23698190898131666,-2.2784354343241118,0.14677027988753183,2.9371328652969626
1.5550332685240407,0.548790499231857,-2.5813834042552344,-0.166297864021529,-0.2364608980258519,-2.298033262542358,0.14336719803010942,2.9560977795795633
1.571316421876702,0.5515617542761042,-2.5972603092534627,-0.16193211491432666,-0.23605105723194159,-2.3138476247103106,0.14140062369752743,2.971330048585538
1.5874595405893026,0.552506226422701,-2.613179989489305,-0.15763949710706227,-0.235346605073238,-2.3299633113758333,0.13903150802047584,2.986738611551374
1.6035779701913646,0.5531657869577368,-2.628975762508999,-0.15327448570756944,-0.2338797167367448,-2.3460253586857642,0.1361871894831231,3.001986720014002
1.623408938910107,0.5543281337885385,-2.6487870882390485,-0.14730049897960953,-0.23160825447044692,-2.3661056292283646,0.1328586037170964,3.021342421505965
1.6430315306365824,0.555635769132741,-2.6687978512922172,-0.14143016606601017,-0.229077478269593,-2.385916786540219,0.12993323283588412,3.0408847698297348
1.658630738905908,0.5567575403921772,-2.6845539262749027,-0.13649018926958564,-0.22650115492415662,-2.401990012992039,0.1274885240780456,3.056141408312101
1.674246743142008,0.558133584753604,-2.700432147557097,-0.1318895546437786,-0.22424255061737977,-2.4180989901330734,0.12507490347961323,3.071557910024228
1.6898521244465465,0.5590300738314513,-2.716324895514657,-0.1270430326643193,-0.22147758353666172,-2.4341462442736046,0.12205371959385311,3.0869437155561403
1.7098515100274132,0.5589037697736942,-2.736201478992036,-0.12119911789132115,-0.21830514322070996,-2.454392947106894,0.11918803425769518,3.1058592006261123
1.7257909619973524,0.5577358344325024,-2.7521012555538147,-0.11692813915666522,-0.21601038038216175,-2.470685516605616,0.11727887704444134,3.1211737443278067
1.7416769545207689,0.5560716551239395,-2.7679986709434954,-0.11266462761966692,-0.21376224249659564,-2.486472237422431,0.11464614157771508,3.1365662144923854
1.7616025492897003,0.5538493202276366,-2.787726800015499,-0.10696098079668542,-0.21115805522872363,-2.506586383749355,0.11105068491852498,3.1556580590745855
1.781493102712932,0.5514893157010261,-2.8076619342601044,-0.10127099384863136,-0.20946883950905681,-2.5266311910073167,0.10789975232459702,3.175354551784307
1.7973819702633549,0.5479647653515712,-2.8236091393328158,-0.0963802951770702,-0.20749093975599875,-2.5424812427148664,0.10569157843047258,3.1908035523144265
1.813370125744608,0.5435925104925748,-2.8392837621459237,-0.09162712814291103,-0.20503162436320857,-2.5583842269170693,0.10348939297866212,3.2060877474089167
1.8291180062244643,0.5391943566897045,-2.8552132704784183,-0.08693556271726012,-0.202904636378978,-2.5742514804352963,0.10086846091709796,3.221517692830148
1.8490422645876725,0.5329992443354395,-2.875042622654374,-0.08087902151548314,-0.2005348122445328,-2.5938092678930076,0.09712802915585035,3.2405754340746578
1.8651605362683499,0.5275712693494518,-2.890966831436251,-0.07629138374659596,-0.19863361033618074,-2.60919596509714,0.09511945497595825,3.255736669208879
1.881096224394582,0.5225536091608963,-2.9068134766750577,-0.07195658472590072,-0.19651599156683455,-2.624430248552388,0.09309995879755775,3.2711024920484566
1.896993628625088,0.5174609658642634,-2.9226671455084148,-0.06771582718416996,-0.19427923235052053,-2.63963802960797,0.09031490879461412,3.28643292620115
1.9168710063178567,0.5105034605055643,-2.9424283161883946,-0.061868184931516884,-0.19182819119196332,-2.6583767420326128,0.08685837864304567,3.305646149564281
1.9327263717977898,0.5040103530809296,-2.958419087980269,-0.05739113826164298,-0.19062015954464406,-2.673529108426337,0.08439738577379245,3.3214153568189237
1.9484252670556235,0.49465926638365937,-2.9743672841634257,-0.052681818373833816,-0.1889863144827728,-2.687834029911149,0.08211702595919057,3.3361458443757686
1.9680813003409592,0.4828577739228803,-2.9940321483808088,-0.047048589247647696,-0.18672429439272686,-2.7049495513062105,0.07971116088296591,3.3530023860650817
1.983675279894099,0.47415345609899706,-3.009788332949432,-0.04330369723268147,-0.18457684242129782,-2.7188103811706243,0.07751308027167948,3.3653524482166848
1.9995180837942073,0.46606081169883096,-3.025381815893473,-0.039545547087865826,-0.18207471784228424,-2.7328648692545525,0.07508169153843589,3.376412587103033
2.0155787895176602,0.4584641839762079,-3.041203423629671,-0.036245170426070734,-0.17974385867976966,-2.7467731244170386,0.07304620010263463,3.3864696526028357
2.0354369973765754,0.44889915815044446,-3.060925125798399,-0.031964069955188044,-0.17683298827463928,-2.764336636769407,0.06982590848882334,3.398192897889486
2.0553347414934615,0.4392477564036882,-3.080567160614084,-0.0278476794074264,-0.173917261505739,-2.7817774942588045,0.06598778557032565,3.4087354299615065
2.075285672245215,0.42914246201045375,-3.1003671286640744,-0.0238687116113644,-0.17182317034871067,-2.799311032354046,0.06241988411648643,3.4183748246291854
2.0911115272431617,0.4210816269230286,-3.11640084767295,-0.021206210445163846,-0.17087979381721263,-2.8139229465942788,0.060062234507944755,3.425195052813312
2.110772518502137,0.4100980852874947,-3.1360186300544686,-0.018555335813776774,-0.16879819667043275,-2.8312731088667547,0.057299129029561274,3.4328722299032863
2.126407361587687,0.40024962567364986,-3.151940158373609,-0.0166889719354514,-0.1670206737652144,-2.8442415821392237,0.054838574588820244,3.4384691309953794
2.1420861498921817,0.3904863847732594,-3.167801675102427,-0.015324949092987816,-0.16449967499740972,-2.8573509462868047,0.051747444215677715,3.443560367246684
2.1581221492377205,0.38143993467318993,-3.1837173678436645,-0.014202834019338816,-0.16203443171583268,-2.8706376661659454,0.04951991676233726,3.4483255296079416
2.178045628816727,0.3698565214152404,-3.203556995214689,-0.013228347877833634,-0.15902539231555568,-2.887142518859608,0.04701966788801292,3.453934364940726
2.193913495983338,0.3618004545979749,-3.219444456527139,-0.012472517839224984,-0.15663378017742202,-2.900980230690609,0.04438459266646007,3.458010152816035
2.209862786560463,0.35392306502492765,-3.2352412275324363,-0.01169050905141384,-0.15446067765023547,-2.9148321044439016,0.041607507168880946,3.461711518048628
2.2298201458125817,0.3442811289045071,-3.2551587390512213,-0.010831820841694418,-0.15273207708285932,-2.932998097386299,0.03837536089233836,3.465991272748383
2.2494898021371452,0.33471711766838264,-3.2750469625254675,-0.00999178176877187,-0.15115412010277418,-2.951472291525063,0.03560658861679263,3.469760763118687
2.2652539001444736,0.3262073504820484,-3.290694586172019,-0.009394878880747269,-0.14955507849277846,-2.9652124345490667,0.03350245341547105,3.4724515143082777
2.2808385595236027,0.31709995886201725,-3.306448317582678,-0.008822177137019091,-0.14756367463256723,-2.9785299052746894,0.03133938971106017,3.474899521608415
2.296593984574527,0.3083732662640045,-3.3219296506085128,-0.008312948251667448,-0.1449721979909842,-2.992135154550339,0.02903905170791398,3.4771104115730838
2.316636740041762,0.2970907331008857,-3.3408035912688843,-0.007702344891921051,-0.14184895704730388,-3.0088894409296203,0.026932301251257264,3.479654330481652
2.3364681282646047,0.2862325497669079,-3.3579617783840576,-0.007101861566283781,-0.138788691589264,-3.0258146462611624,0.02427455989119559,3.481948690982389
2.3563672819317976,0.27636241073470985,-3.373308999020375,-0.006532370475753661,-0.13588742482246585,-3.043155999608069,0.021196925120247956,3.48400224298846
2.376251887063705,0.2667019595720688,-3.3866230287812362,-0.005890266096189072,-0.13407058922767154,-3.0612596116370177,0.01870936482844752,3.485764073564759
2.3920024807182596,0.259252176355181,-3.396398951362313,-0.00540767413962738,-0.13298606564563326,-3.076215796872239,0.017041149724673965,3.487068986508641
2.4077329317352207,0.2510154337313089,-3.4052927807047637,-0.004951369814652096,-0.13131194916654002,-3.0902738311844016,0.015564034799477003,3.488256033648317
2.4272834375691317,0.23921944950301474,-3.4152711982785138,-0.004378056928325515,-0.1290118534717185,-3.1067502164823018,0.01374001660772298,3.489640968325633
2.446995832743601,0.22797104600662577,-3.424028358070148,-0.0038796583936422727,-0.1259105888167704,-3.123497382562199,0.012091934210414507,3.4908957944028236
2.4630211835963114,0.21882369682127084,-3.4305179648537756,-0.003522113235191169,-0.12332751874593617,-3.136843892688631,0.010907669366883626,3.491831113126847
2.4789024760726255,0.21004844412778478,-3.4364766296313034,-0.003203679201525752,-0.12094027145603106,-3.1503602767685392,0.009749578227913003,3.4926921155330244
2.494782544383765,0.20250189719255202,-3.442006403039691,-0.0029122834525782647,-0.11861373764453063,-3.1644674455851045,0.008682251646832072,3.4934866806603337
2.5147405629355575,0.1929192448364191,-3.4484311537394676,-0.002573491822875869,-0.11608652090815272,-3.1820736850821087,0.007414406440631127,3.4944061998008142
2.534511345236152,0.18320266548938724,-3.4541428295279366,-0.0022517037332936522,-0.11488680719181396,-3.2005450781637395,0.006236859319427888,3.495204148056536
2.5541514831167906,0.1729328962035689,-3.459224072873214,-0.0019481324465900132,-0.1130276076663771,-3.2184177842365287,0.005139303264862689,3.495897982070033
2.5698528963345186,0.16412253406398702,-3.4628818814071027,-0.001745327304030115,-0.11124497685229912,-3.231786619579419,0.00433471032163308,3.4963815196750208
2.585455427936596,0.15529258328403922,-3.4661556097078963,-0.0015708689488652082,-0.10882574655233318,-3.245430597280447,0.0036104216744360616,3.4968010090171737
2.605336652332306,0.14461103839707914,-3.4698827480338834,-0.0013642360514441731,-0.10554084828210507,-3.2622693070892956,0.002703666954751306,3.4972856260557887
2.625244731872779,0.13313697726418336,-3.473186301592237,-0.0011847574476463903,-0.10236017090958646,-3.2789315350680184,0.0019136045237749637,3.4976852056344923
2.6450857449417007,0.12310395114548374,-3.476122453915952,-0.0010296687548446669,-0.09941329912893306,-3.2962198812318078,0.0012123882148008108,3.4980380825450994
2.6610618130015737,0.11529670534038208,-3.47825199779541,-0.0009265187293094126,-0.09741463613741248,-3.310164332549914,0.0007315892897914351,3.4982854113786277
2.6770050311168196,0.10745114271250303,-3.4801557320945924,-0.0008324795408045857,-0.09617979484903963,-3.324886572024611,0.00033328746269535234,3.4984892726567693
2.6966775331525064,0.09767851025628443,-3.4823769397825157,-0.0007219747164167248,-0.09466449130895234,-3.3432308775209973,-0.00011290822814297163,3.49871744386911
2.716384863153731,0.08715386700260883,-3.484359438434355,-0.0006329080471834773,-0.09263304608366035,-3.3598130377441713,-0.0004626824276284143,3.4989160764921445
2.731942894173682,0.07904076852261029,-3.4858169674991943,-0.0005571213387480824,-0.09044753545464271,-3.3721517106531143,-0.0007050343267776919,3.499056748811953
2.74778811905348,0.07229293001153109,-3.487146670290847,-0.00047177185479739883,-0.08781840781070208,-3.383191832423102,-0.0009280143836297369,3.499182666823497
2.767768910563537,0.06366478595344668,-3.488686075620851,-0.00037797017644207453,-0.08454142179684365,-3.3956025222329966,-0.0011730341349247865,3.499333122606351
2.7875770119585885,0.055062441530994155,-3.4900556528084454,-0.0003026579742964018,-0.0813740247637955,-3.4064273718347375,-0.0012801514801807565,3.4994669707809853
2.803508707568372,0.04897504504933573,-3.4910546180180124,-0.0002594176723858463,-0.0790764870023419,-3.4145798120138133,-0.0013140042697311304,3.4995717317150934
2.8194474065102395,0.043983000162302464,-3.491976319763894,-0.0002028299322749845,-0.07761571290193336,-3.422006118490499,-0.0012964153495766493,3.499652649005199
2.8353351753205747,0.03979561652209861,-3.4928250563523435,-0.00016268655252256806,-0.0764568969136172,-3.4287668311248516,-0.0012397674901311953,3.4997375657734597
2.851240240732851,0.03638978325655551,-3.4936105873638836,-9.677198096913475e-05,-0.07424703625676268,-3.4350804387827507,-0.001155180146796872,3.4998044097822305
2.8711369592267384,0.033111875791560524,-3.4945217012136793,-3.72549143923713e-05,-0.0711080938783785,-3.4427802038135753,-0.0010164738449858213,3.4998877399470594
2.8908650363071264,0.030186833788031615,-3.495314950393474,-7.65823879398872e-06,-0.0685130514663739,-3.449856164947715,-0.0008666016919807694,3.4999698438812925
2.9110085686770204,0.027643848106771007,-3.496008280172787,2.6523670953602224e-05,-0.0661062554759931,-3.456209286770371,-0.0007258715751538858,3.500034964941661
2.926958338661997,0.025725279789164765,-3.496500350054932,5.4555911330252116e-05,-0.06402871113022203,-3.46076977517742,-0.0006105431994135237,3.5000781372685346
2.9428608059975847,0.023887274225446058,-3.496930218697689,7.547816741257027e-05,-0.06181795187312556,-3.464747578417458,-0.0004979422067678037,3.500120329811633
2.9588166990834623,0.022195473831889037,-3.4973092205097527,9.462308787452217e-05,-0.059563226667028214,-3.4683122950634755,-0.00039660308588090193,3.5001622445861025
2.9787339299922224,0.020265440309809674,-3.4977202894399806,0.00011557128154098678,-0.057499710895987176,-3.4722562812968176,-0.00028900757750475667,3.500211783236569
2.99849288127365,0.018353503433738573,-3.4980733211753376,0.00015412716054523726,-0.05568029526064838,-3.4757125067908747,-0.0001955632377983619,3.5002466681746887
3.018175790420142,0.016750923948406257,-3.4983675269906667,0.00019032938168817015,-0.053901332735780204,-3.4787946076335676,-0.00012164352921593263,3.50027835596754
3.0338078826267862,0.015632261943145792,-3.498571901054299,0.00022029646806066144,-0.051728840529875905,-3.481008417495945,-8.417374107333973e-05,3.5003000624640443
3.049672378749042,0.014585871802448663,-3.4987522065518024,0.00025107459285477265,-0.04910955630972668,-3.4829445404655317,-5.550814941947431e-05,3.5003175054157154
3.069609156042077,0.01334299154393899,-3.4989467365034335,0.0002684018714881678,-0.04576833166133384,-3.4850818471293485,-4.172815527405012e-05,3.5003500830843697
3.085444037795594,0.01234181429964025,-3.4990847155360187,0.00025338360620382264,-0.04316682755503434,-3.48662577424728,-5.027278565531562e-05,3.5003785964642664
3.1013520270816537,0.01137497072361019,-3.499210151070223,0.0002648111633677952,-0.040796107791530076,-3.488002484035218,-5.190251034214652e-05,3.5003963415821593
3.1212744100213703,0.010174113475559188,-3.4993510104833567,0.0002628057010004084,-0.03874716140147658,-3.48954432133812,-5.4287926973640294e-05,3.500422160820417
3.1410620369392244,0.008993918817926112,-3.4994751515199205,0.000260786626205798,-0.03724795755102537,-3.4909059160591758,-6.295529460986424e-05,3.500450304711384
3.15682677550346,0.008066825259362469,-3.499565300070564,0.00024900436253170663,-0.035684393000589544,-3.491878241681913,-7.372107895867001e-05,3.5004687484937445
3.1724915053034906,0.0072261461633968335,-3.4996445045157154,0.0002475691014873771,-0.03396986762652206,-3.492750859527688,-8.222130024050298e-05,3.5004861964410425
3.1881667931329325,0.006419645475089199,-3.4997187110050896,0.0002505414715838067,-0.03165712591219355,-3.493532052214468,-8.263982976910653e-05,3.500498924781398
3.208149150326641,0.005514875820246595,-3.4997953062668867,0.0002454310291828306,-0.028738181449781422,-3.4944354862503624,-9.871950166611722e-05,3.500518254503719
3.2280177806313297,0.004701941311752958,-3.499880355016673,0.00024432748379662333,-0.02557083333577395,-3.4952214126244066,-0.00011005681217638938,3.5005352430252366
3.2438664837305087,0.004125368425952347,-3.499941375270116,0.00024681307196137633,-0.023017025412690864,-3.4957881495050827,-0.0001138610174828518,3.5005468199811287
3.259808048619794,0.003629628250756918,-3.4999988316826625,0.0002365456377743172,-0.020697431663144077,-3.49628035388243,-0.00011636203927875392,3.5005592324294756
3.279711104994984,0.003078959022851664,-3.5000616748139532,0.00023915671912217232,-0.018723460192812125,-3.4968349261339977,-0.00012228152230020668,3.5005710978365636
3.2993878153472114,0.0026401879638590503,-3.5001158945718807,0.0002387460355264999,-0.016905551424228095,-3.497331843356174,-0.00013320964418893876,3.500583850210343
3.3151725472379465,0.002341198861089931,-3.500155999927525,0.00022953048809892102,-0.015354299043020558,-3.4976810169477233,-0.00014587092188371974,3.500591148821964
3.3307670236023452,0.0020979955580960677,-3.500190833829924,0.0002206380699293041,-0.013524574028597464,-3.497989508242668,-0.00016079986049134971,3.500601265226068
3.3457072760008626,0.0018888255760993386,-3.5002261328463375,0.00021523998413588638,-0.011608253502949634,-3.4982596500859624,-0.0001759712024696474,3.500610700623869
3.3629574970244165,0.00164423427626003,-3.5002648138824437,0.00020504329847615896,-0.009163858556806232,-3.4985579348129874,-0.00019511071844329278,3.5006195871462102
3.3785694746819543,0.001434793390787073,-3.5003014237118264,0.0001977803093110471,-0.006767469542714838,-3.4988215074462223,-0.00021108959971520048,3.5006287134104106
3.392266519309343,0.0012463573181972498,-3.5003355191177152,0.00019499051289374736,-0.004527502203272603,-3.499054079945084,-0.0002282413133878839,3.5006392665571955
3.402040344898549,0.0010945814674564805,-3.5003605366044885,0.00018786420650893781,-0.002943150676694003,-3.49921269474175,-0.00023841875787219274,3.5006411591256428
3.4107562915439695,0.0009525391929662494,-3.500383454483118,0.00018489643001137757,-0.0018043672439655087,-3.4993586425448613,-0.00024710223462547955,3.5006485655356507
3.4204516071873114,0.0008090916247412844,-3.5004117215310364,0.0001824692081934011,-0.0008074031629298484,-3.4995212067525685,-0.0002580491618167074,3.5006520132570715
3.4275382607328386,0.000689627281341719,-3.500431390097811,0.0001789945069943684,0.00031581871527952207,-3.499634521777362,-0.0002662631938751721,3.500655049234285
3.433893005469807,0.0005750441200873743,-3.500449606817221,0.0001782999636384744,0.0018019508845999333,-3.499725324308807,-0.00027355615130785285,3.500661517826423
3.4397980442504807,0.0004487104705708095,-3.5004669576765766,0.0001731674984756862,0.0030724652607079413,-3.499789363823264,-0.00027921054675462964,3.500661184191741
3.4465688141088213,0.0003104840798885816,-3.500486546746226,0.00017093590500580694,0.004365554949245716,-3.4998605597368075,-0.0002842724718391341,3.500664914598982
3.451582198960489,0.00021337973284615147,-3.5005027210885267,0.00017170778907348722,0.00524450476760272,-3.499911836821733,-0.0002899992397225708,3.5006680001376838
3.456122779090586,0.00013278080637108003,-3.5005161691068585,0.0001696888521314395,0.005960357783709878,-3.4999604020734356,-0.0002941653061352238,3.5006694596351067
3.4602452444554195,6.543678686220938e-05,-3.5005289772250685,0.0001701909187093384,0.006595132269845022,-3.500001750559029,-0.0002974404679325915,3.5006744860341374
3.463991225689659,3.3361957979746726e-06,-3.500541610454466,0.0001661123256755971,0.007164179065542394,-3.5000313962565732,-0.00029951571324393633,3.50067284505094
3.4673792612183747,-5.007874099312304e-05,-3.5005532069578855,0.00016589411234837342,0.007673505933776092,-3.5000593649970897,-0.0003007275975702266,3.5006770847398676
3.471166868249338,-0.00010504987044775149,-3.500566696596446,0.00016660555741323732,0.008207327380919728,-3.5000936532730993,-0.000292376285631276,3.5006768727967317
3.473928116389947,-0.00014981884077643753,-3.500585825115639,0.0001652679365722748,0.008605286319177027,-3.500112968432042,-0.00025397183654149447,3.500677339571824
3.476400056147853,-0.000190482848836937,-3.5005989592064064,0.00016643121240382877,0.00892196591437591,-3.500134717564782,-0.00022638276558315656,3.500681527413012
3.4791654782378063,-0.00024244544621151304,-3.50061619088643,0.0001631960236720062,0.00926899994285494,-3.5001551803821194,-0.00019024498692437122,3.500679152854525
3.4812009023344754,-0.0002712590490233091,-3.500625213042199,0.00016239170458118984,0.009531037782913851,-3.500170781333316,-0.00016674756280486355,3.5006804755123926
